name,x,y,Q
Vent-1,19.09850794,-5.019225489,0.005
Vent-2,30.95441543,-5.221644595,0.005
Vent-3,42.9454415,-5.277279078,0.005
Vent-4,57.04546862,-4.83086007,0.005
Vent-5,76.0470952,-4.916629347,0.005
