name,x,y,Q
SVE-1,34.59366057,21.03231652,-0.018
SVE-2,22.51729378,42.6801308,-0.018
SVE-3,15.75836187,14.53303427,-0.018
SVE-4,49.43654418,69.34594012,-0.018
SVE-5,70.80837724,16.18056385,-0.018
SVE-6,3.794169216,53.07277627,-0.018
